
INSERT INTO site (id, name, region, city, address)
VALUES
    (1, 'ПС1 Новгород Великий1', 'Новгородская область', 'Великий Новгород', 'ул. Московская, 15'),
    (2, 'ПС2 Смоленск1', 'Смоленская область', 'Смоленск', 'ул. Гагарина, 22'),
    (3, 'ПС3 Новгород Великий2', 'Новгородская область', 'Великий Новгород', 'ул. Ленина, 10'),
    (4, 'ПС4 Смоленск2', 'Смоленская область', 'Смоленск', 'пр. Кирова, 5'),
    (5, 'ПС5 Ярославль1', 'Ярославская область', 'Ярославль', 'ул. Советская, 30'),
    (6, 'ПС6 Тверь1', 'Тверская область', 'Тверь', 'пр. Ленина, 18'),
    (7, 'ПС7 Ярославль2', 'Ярославская область', 'Ярославль', 'ул. Гоголя, 12'),
    (8, 'ПС8 Тверь2', 'Тверская область', 'Тверь', 'ул. Пушкина, 25'),
    (9, 'ПС9 Кострома1', 'Костромская область', 'Кострома', 'пл. Советская, 7'),
    (10, 'ПС10 Архангельск1', 'Архангельская область', 'Архангельск', 'ул. Воскресенская, 14'),
    (11, 'ПС11 Кострома2', 'Костромская область', 'Кострома', 'пр. Ленина, 5'),
    (12, 'ПС12 Архангельск2', 'Архангельская область', 'Архангельск', 'ул. Советская, 20'),
    (13, 'ПС13 Вологда1', 'Вологодская область', 'Вологда', 'пл. Героев, 3'),
    (14, 'ПС14 Киров1', 'Кировская область', 'Киров', 'ул. Кирова, 8'),
    (15, 'ПС15 Вологда2', 'Вологодская область', 'Вологда', 'пр. Ленина, 14'),
    (16, 'ПС16 Киров2', 'Кировская область', 'Киров', 'ул. Пушкина, 30'),
    (17, 'ПС17 Петрозаводск1', 'Республика Карелия', 'Петрозаводск', 'ул. Ленина, 25'),
    (18, 'ПС18 Санкт-Петербург1', 'Ленинградская область', 'Санкт-Петербург', 'пр. Невский, 40'),
    (19, 'ПС19 Петрозаводск2', 'Республика Карелия', 'Петрозаводск', 'пл. Ленина, 12'),
    (20, 'ПС20 Санкт-Петербург2', 'Ленинградская область', 'Санкт-Петербург', 'ул. Большая Морская, 18'),
    (21, 'ПС21 Владимир1', 'Владимирская область', 'Владимир', 'ул. Красноармейская, 7'),
    (22, 'ПС22 Нижний Новгород1', 'Нижегородская область', 'Нижний Новгород', 'ул. Большая Покровская, 15'),
    (23, 'ПС23 Владимир2', 'Владимирская область', 'Владимир', 'пр. Ленина, 30'),
    (24, 'ПС24 Нижний Новгород2', 'Нижегородская область', 'Нижний Новгород', 'ул. Рождественская, 22'),
    (25, 'ПС25 Калуга1', 'Калужская область', 'Калуга', 'ул. Гагарина, 15'),
    (26, 'ПС26 Орёл1', 'Орловская область', 'Орёл', 'ул. Ленина, 22'),
    (27, 'ПС27 Калуга2', 'Калужская область', 'Калуга', 'ул. Гагарина, 30'),
    (28, 'ПС28 Орёл2', 'Орловская область', 'Орёл', 'пл. Советская, 15'),
    (29, 'ПС29 Курск1', 'Курская область', 'Курск', 'ул. Карла Маркса, 10'),
    (30, 'ПС30 Тамбов1', 'Тамбовская область', 'Тамбов', 'пр. Ленина, 25');



INSERT INTO multiplexer (name, serial_number, site_id)
VALUES
    ('Великий Новгород MUX-1', 'ske534vxc52266223', 1),
    ('Великий Новгород MUX-2', 'abc123xyz456', 1),
    ('Смоленск MUX-1', 'def456uvw789', 2),
    ('Смоленск MUX-2', 'xyz789abc123', 2),
    ('Ярославль MUX-1', 'mno987pqr654', 3),
    ('Ярославль MUX-2', 'uvw456def123', 3),
    ('Тверь MUX-1', 'xyz123uvw456', 4),
    ('Тверь MUX-2', 'abc789mno654', 4),
    ('Кострома MUX-1', 'pqr654mno987', 5),
    ('Кострома MUX-2', 'def123abc789', 5),
    ('Архангельск MUX-1', '123abc456def', 6),
    ('Архангельск MUX-2', '456def789abc', 6),
    ('Вологда MUX-1', '789xyz123abc', 7),
    ('Вологда MUX-2', 'uvw123mno456', 7),
    ('Киров MUX-1', 'mno789xyz123', 8),
    ('Киров MUX-2', 'pqr456abc789', 8),
    ('Петрозаводск MUX-1', 'def123uvw456', 9),
    ('Петрозаводск MUX-2', 'abc789mno654', 9),
    ('Санкт-Петербург MUX-1', 'pqr654mno987', 10),
    ('Санкт-Петербург MUX-2', 'def123abc789', 10),
    ('Владимир MUX-1', '123abc456def', 11),
    ('Владимир MUX-2', '456def789abc', 11),
    ('Нижний Новгород MUX-1', '789xyz123abc', 12),
    ('Нижний Новгород MUX-2', 'uvw123mno456', 12),
    ('Калуга MUX-1', 'mno789xyz123', 13),
    ('Калуга MUX-2', 'pqr456abc789', 13),
    ('Орёл MUX-1', 'def123uvw456', 14),
    ('Орёл MUX-2', 'abc789mno654', 14),
    ('Курск MUX-1', 'pqr654mno987', 15),
    ('Курск MUX-2', 'def123abc789', 15),
    ('Тамбов MUX-1', '123abc456def', 16),
    ('Тамбов MUX-2', '456def789abc', 16);

INSERT INTO channel (name) VALUES
                               ('Channel 1'), ('Channel 2'), ('Channel 3'), ('Channel 4'), ('Channel 5'),
                               ('Channel 6'), ('Channel 7'), ('Channel 8'), ('Channel 9'), ('Channel 10'),
                               ('Channel 11'), ('Channel 12'), ('Channel 13'), ('Channel 14'), ('Channel 15'),
                               ('Channel 16'), ('Channel 17'), ('Channel 18'), ('Channel 19'), ('Channel 20'),
                               ('Channel 21'), ('Channel 22'), ('Channel 23'), ('Channel 24'), ('Channel 25'),
                               ('Channel 26'), ('Channel 27'), ('Channel 28'), ('Channel 29'), ('Channel 30'),
                               ('Channel 31'), ('Channel 32'), ('Channel 33'), ('Channel 34'), ('Channel 35'),
                               ('Channel 36'), ('Channel 37'), ('Channel 38'), ('Channel 39'), ('Channel 40');



INSERT INTO module (multiplexer_id, serial_number, slot, module_type) VALUES
-- Для multiplexer_id = 1
(1, 'Serial1', 1, 'SYN4E'),
(1, 'Serial2', 2, 'LOMIF'),
(1, 'Serial3', 3, 'NEBRO'),

-- Для multiplexer_id = 2
(2, 'Serial4', 1, 'SYNAC'),
(2, 'Serial5', 2, 'SUBH'),
(2, 'Serial6', 3, 'EXLAN'),

-- Для multiplexer_id = 3
(3, 'Serial7', 1, 'NEMSG'),
(3, 'Serial8', 2, 'SYNAM'),
(3, 'Serial9', 3, 'POSUM'),

-- Продолжайте аналогично для остальных multiplexer_id (4-16)
(4, 'Serial10', 1, 'SYN4E'),
(4, 'Serial11', 2, 'LOMIF'),
(4, 'Serial12', 3, 'NEBRO'),

(5, 'Serial13', 1, 'SYNAC'),
(5, 'Serial14', 2, 'SUBH'),
(5, 'Serial15', 3, 'EXLAN'),

(6, 'Serial16', 1, 'NEMSG'),
(6, 'Serial17', 2, 'SYNAM'),
(6, 'Serial18', 3, 'POSUM'),

(7, 'Serial19', 1, 'SYN4E'),
(7, 'Serial20', 2, 'LOMIF'),
(7, 'Serial21', 3, 'NEBRO'),

(8, 'Serial22', 1, 'SYNAC'),
(8, 'Serial23', 2, 'SUBH'),
(8, 'Serial24', 3, 'EXLAN'),

(9, 'Serial25', 1, 'NEMSG'),
(9, 'Serial26', 2, 'SYNAM'),
(9, 'Serial27', 3, 'POSUM'),

(10, 'Serial28', 1, 'SYN4E'),
(10, 'Serial29', 2, 'LOMIF'),
(10, 'Serial30', 3, 'NEBRO'),

(11, 'Serial31', 1, 'SYNAC'),
(11, 'Serial32', 2, 'SUBH'),
(11, 'Serial33', 3, 'EXLAN'),

(12, 'Serial34', 1, 'NEMSG'),
(12, 'Serial35', 2, 'SYNAM'),
(12, 'Serial36', 3, 'POSUM'),

(13, 'Serial37', 1, 'SYN4E'),
(13, 'Serial38', 2, 'LOMIF'),
(13, 'Serial39', 3, 'NEBRO'),

(14, 'Serial40', 1, 'SYNAC'),
(14, 'Serial41', 2, 'SUBH'),
(14, 'Serial42', 3, 'EXLAN'),

(15, 'Serial43', 1, 'NEMSG'),
(15, 'Serial44', 2, 'SYNAM'),
(15, 'Serial45', 3, 'POSUM'),

(16, 'Serial46', 1, 'SYN4E'),
(16, 'Serial47', 2, 'LOMIF'),
(16, 'Serial48', 3, 'NEBRO');







-- Генерация данных для таблицы multiplexer_channel с более произвольным распределением multiplexer_id
INSERT INTO multiplexer_channel (channel_id, multiplexer_id) VALUES
                                                                 (1, 1), (1, 3), (1, 5), (1, 7),
                                                                 (2, 2), (2, 4), (2, 6), (2, 8),
                                                                 (3, 9), (3, 11), (3, 13), (3, 15),
                                                                 (4, 10), (4, 12), (4, 14), (4, 16),
                                                                 (5, 17), (5, 19), (5, 21), (5, 23),
                                                                 (6, 18), (6, 20), (6, 22), (6, 24),
                                                                 (7, 25), (7, 27), (7, 29), (7, 31),
                                                                 (8, 26), (8, 28), (8, 30), (8, 32),
                                                                 (9, 1), (9, 5), (9, 9), (9, 13),
                                                                 (10, 2), (10, 6), (10, 10), (10, 14),
                                                                 (11, 3), (11, 7), (11, 11), (11, 15),
                                                                 (12, 4), (12, 8), (12, 12), (12, 16),
                                                                 (13, 17), (13, 21), (13, 25), (13, 29),
                                                                 (14, 18), (14, 22), (14, 26), (14, 30),
                                                                 (15, 19), (15, 23), (15, 27), (15, 31),
                                                                 (16, 20), (16, 24), (16, 28), (16, 32),
                                                                 (17, 1), (17, 3), (17, 5), (17, 7),
                                                                 (18, 2), (18, 4), (18, 6), (18, 8),
                                                                 (19, 9), (19, 11), (19, 13), (19, 15),
                                                                 (20, 10), (20, 12), (20, 14), (20, 16),
                                                                 (21, 17), (21, 19), (21, 21), (21, 23),
                                                                 (22, 18), (22, 20), (22, 22), (22, 24),
                                                                 (23, 25), (23, 27), (23, 29), (23, 31),
                                                                 (24, 26), (24, 28), (24, 30), (24, 32),
                                                                 (25, 1), (25, 5), (25, 9), (25, 13),
                                                                 (26, 2), (26, 6), (26, 10), (26, 14),
                                                                 (27, 3), (27, 7), (27, 11), (27, 15),
                                                                 (28, 4), (28, 8), (28, 12), (28, 16),
                                                                 (29, 17), (29, 21), (29, 25), (29, 29),
                                                                 (30, 18), (30, 22), (30, 26), (30, 30),
                                                                 (31, 19), (31, 23), (31, 27), (31, 31),
                                                                 (32, 20), (32, 24), (32, 28), (32, 32);